condition,fast,slow
dry,0.249685,0.2259023
wet,0.1690507,0.1802584