condition,fast,slow
dry,16.05485,14.52561
wet,10.87003,11.59069